{"metadata":{"asset_id":"b0aae791-6290-4be0-ae39-f5d3eda8fccf","asset_attributes":["data_asset","directory_asset"],"name":"أحرف الجر -RAG- مختصر.txt","asset_type":"data_asset","created_at":"2024-09-28T15:15:00Z","origin_country":"us","owner_id":"IBMid-692000IQW1","project_id":"a9606b37-4f21-492c-90f2-ac1873e40946","size":10314,"usage":{"last_update_time":1727536500452,"last_updated_at":"2024-09-28T15:15:00Z"}},"entity":{"data_asset":{"mime_type":"text/plain","dataset":false},"directory_asset":{"path":""},"location_definition":{"physical_location_code_assignment_method":"INFERRED","physical_location_code":"FRA","physical_location_code_assigned_by":"IBMid-692000IQW1","physical_location_code_added_on":"1727536500985","physical_location_code_rds_version":"00002024-0912-4034-8146-417144000000_4","physical_location_code_rds_id":"c57cb90f-2126-3800-9c9f-9eab82021cdf"}},"attachments":[{"id":"24a9e8f5-6e94-48ec-8f05-1e250586fa0d","version":2,"asset_type":"data_asset","name":"أحرف الجر -RAG- مختصر.txt","mime":"text/plain","datasource_type":"193a97c1-4475-4a19-b90c-295c4fdc6517","object_key":"أحرف الجر -RAG- مختصر.txt","creator_id":"IBMid-692000IQW1","create_time":1727536500988,"size":10314,"is_remote":false,"is_managed":false,"is_referenced":true,"is_object_key_read_only":true,"is_user_provided_path_key":true,"transfer_complete":true,"is_partitioned":false,"complete_time_ticks":1727536500988,"user_data":{},"test_doc":0,"handle":{"bucket":"aleflammemsana-donotdelete-pr-ah4i0rp655wjcp","location":"eu-de","type":"bluemix_cos","key":"أحرف الجر -RAG- مختصر.txt","upload_id":"done","max_part_num":1},"usage":{"access_count":0,"last_accessor_id":"IBMid-692000IQW1","last_access_time":1727536500988}}]}
