{"metadata":{"asset_id":"e559e597-87eb-419b-b2d7-cc23e8e8b9dd","asset_attributes":["data_asset","directory_asset"],"name":"أحرف الجر -RAG- مختصر - مع نقاط.txt","asset_type":"data_asset","created_at":"2024-09-28T17:09:20Z","origin_country":"us","owner_id":"IBMid-692000IQW1","project_id":"a9606b37-4f21-492c-90f2-ac1873e40946","size":10353,"usage":{"last_update_time":1727543390863,"last_updated_at":"2024-09-28T17:09:50Z"}},"entity":{"data_asset":{"mime_type":"text/plain","dataset":false},"directory_asset":{"path":""},"location_definition":{"physical_location_code_assignment_method":"INFERRED","physical_location_code":"FRA","physical_location_code_assigned_by":"IBMid-692000IQW1","physical_location_code_added_on":"1727543361055","physical_location_code_rds_version":"00002024-0912-4034-8146-417144000000_4","physical_location_code_rds_id":"c57cb90f-2126-3800-9c9f-9eab82021cdf"}},"attachments":[{"id":"adfb6d38-be51-42ed-a4c2-93f1fea38cf6","version":2,"asset_type":"data_asset","name":"أحرف الجر -RAG- مختصر - مع نقاط.txt","mime":"text/plain","datasource_type":"193a97c1-4475-4a19-b90c-295c4fdc6517","object_key":"أحرف الجر -RAG- مختصر - مع نقاط.txt","creator_id":"IBMid-692000IQW1","create_time":1727543361060,"size":10353,"is_remote":false,"is_managed":false,"is_referenced":true,"is_object_key_read_only":true,"is_user_provided_path_key":true,"transfer_complete":true,"is_partitioned":false,"complete_time_ticks":1727543361060,"user_data":{},"test_doc":0,"handle":{"bucket":"aleflammemsana-donotdelete-pr-ah4i0rp655wjcp","location":"eu-de","type":"bluemix_cos","key":"أحرف الجر -RAG- مختصر - مع نقاط.txt","upload_id":"done","max_part_num":1},"usage":{"access_count":1,"last_accessor_id":"IBMid-692000IQW1","last_access_time":1727543390862,"last_updater_id":"IBMid-692000IQW1","last_update_time":1727543390862}}]}
