{"metadata":{"asset_id":"7aced486-7b01-40f4-a644-546098618fb5","asset_attributes":["data_asset","directory_asset"],"name":"أحرف الجر -RAG.txt","asset_type":"data_asset","created_at":"2024-09-24T19:58:07Z","origin_country":"us","owner_id":"IBMid-692000IQW1","project_id":"a9606b37-4f21-492c-90f2-ac1873e40946","size":10795,"usage":{"last_update_time":1727533509745,"last_updated_at":"2024-09-28T14:25:09Z"}},"entity":{"data_asset":{"mime_type":"text/plain","dataset":false},"directory_asset":{"path":""},"location_definition":{"physical_location_code_assignment_method":"INFERRED","physical_location_code":"FRA","physical_location_code_assigned_by":"IBMid-692000IQW1","physical_location_code_added_on":"1727207888412","physical_location_code_rds_version":"00002024-0912-4034-8146-417144000000_4","physical_location_code_rds_id":"c57cb90f-2126-3800-9c9f-9eab82021cdf"}},"attachments":[{"id":"af8884ab-940f-4ff2-ad0f-c49a2b958c9e","version":2,"asset_type":"data_asset","name":"أحرف الجر -RAG.txt","mime":"text/plain","datasource_type":"193a97c1-4475-4a19-b90c-295c4fdc6517","object_key":"أحرف الجر -RAG.txt","creator_id":"IBMid-692000IQW1","create_time":1727207888415,"size":10795,"is_remote":false,"is_managed":false,"is_referenced":true,"is_object_key_read_only":true,"is_user_provided_path_key":true,"transfer_complete":true,"is_partitioned":false,"complete_time_ticks":1727207888415,"user_data":{},"test_doc":0,"handle":{"bucket":"aleflammemsana-donotdelete-pr-ah4i0rp655wjcp","location":"eu-de","type":"bluemix_cos","key":"أحرف الجر -RAG.txt","upload_id":"done","max_part_num":1},"usage":{"access_count":5,"last_accessor_id":"IBMid-692000IQW1","last_access_time":1727533509740,"last_updater_id":"IBMid-692000IQW1","last_update_time":1727533509740}}]}
