{"metadata":{"asset_id":"3922ddb9-d141-4ea4-bdd0-d21dce0224a8","asset_attributes":["data_asset","directory_asset"],"name":"أحرف الجر.txt","asset_type":"data_asset","created_at":"2024-09-18T21:13:03Z","origin_country":"us","owner_id":"IBMid-692000IQW1","project_id":"a9606b37-4f21-492c-90f2-ac1873e40946","size":9300,"usage":{"last_update_time":1726694248187,"last_updated_at":"2024-09-18T21:17:28Z"}},"entity":{"data_asset":{"mime_type":"text/plain","dataset":false},"directory_asset":{"path":""},"location_definition":{"physical_location_code_assignment_method":"INFERRED","physical_location_code":"FRA","physical_location_code_assigned_by":"IBMid-692000IQW1","physical_location_code_added_on":"1726693984669","physical_location_code_rds_version":"00002024-0912-4034-8146-417144000000_4","physical_location_code_rds_id":"c57cb90f-2126-3800-9c9f-9eab82021cdf"}},"attachments":[{"id":"c423dad3-0393-421b-883a-de802cce15ce","version":2,"asset_type":"data_asset","name":"أحرف الجر.txt","mime":"text/plain","datasource_type":"193a97c1-4475-4a19-b90c-295c4fdc6517","object_key":"أحرف الجر.txt","creator_id":"IBMid-692000IQW1","create_time":1726693984675,"size":9300,"is_remote":false,"is_managed":false,"is_referenced":true,"is_object_key_read_only":true,"is_user_provided_path_key":true,"transfer_complete":true,"is_partitioned":false,"complete_time_ticks":1726693984675,"user_data":{},"test_doc":0,"handle":{"bucket":"aleflammemsana-donotdelete-pr-ah4i0rp655wjcp","location":"eu-de","type":"bluemix_cos","key":"أحرف الجر.txt","upload_id":"done","max_part_num":1},"usage":{"access_count":1,"last_accessor_id":"IBMid-692000IQW1","last_access_time":1726694248183,"last_updater_id":"IBMid-692000IQW1","last_update_time":1726694248183}}]}
