{"metadata":{"asset_id":"c8c6280c-46ad-4c25-85a2-60ada6022441","asset_attributes":["notebook"],"name":"structure_preposition_6th_iter","asset_type":"notebook","created_at":"2024-10-11T18:01:39Z","description":"","origin_country":"us","owner_id":"IBMid-692000IQW1","project_id":"a9606b37-4f21-492c-90f2-ac1873e40946","size":41992,"tags":["notebook"],"usage":{"last_update_time":1728728999365,"last_updated_at":"2024-10-12T10:29:59Z"}},"entity":{"notebook":{"originates_from":{"type":"blank"},"kernel":{"name":"python3","display_name":"Python 3.10","language":"python"},"runtime":{"environment":"rt231pys1-a9606b37-4f21-492c-90f2-ac1873e40946"}},"location_definition":{"physical_location_code":"FRA","physical_location_code_assigned_by":"IBMid-692000IQW1","physical_location_code_rds_id":"c57cb90f-2126-3800-9c9f-9eab82021cdf","physical_location_code_rds_version":"00002024-0912-4034-8146-417144000000_4","physical_location_code_assignment_method":"INFERRED","physical_location_code_added_on":"1728669700342"}},"attachments":[{"id":"9a22a952-a2dd-49f7-b40d-ce21d0c14bd1","version":2,"asset_type":"notebook","name":"attachment for notebook c8c6280c-46ad-4c25-85a2-60ada6022441","description":"attachment for notebook c8c6280c-46ad-4c25-85a2-60ada6022441","mime":"application/json","datasource_type":"193a97c1-4475-4a19-b90c-295c4fdc6517","object_key":"notebook/structure_preposition_6th_iter-wxnotebook__da__o74x5fx0ik.ipynb","creator_id":"IBMid-692000IQW1","create_time":1728669700345,"size":41992,"is_remote":false,"is_managed":false,"is_referenced":true,"is_object_key_read_only":false,"is_user_provided_path_key":true,"transfer_complete":true,"is_partitioned":false,"complete_time_ticks":1728669700345,"user_data":{},"test_doc":0,"handle":{"bucket":"aleflammemsana-donotdelete-pr-ah4i0rp655wjcp","location":"eu-de","type":"bluemix_cos","key":"notebook/structure_preposition_6th_iter-wxnotebook__da__o74x5fx0ik.ipynb","upload_id":"done","max_part_num":1},"usage":{"access_count":5,"last_accessor_id":"IBMid-692000IQW1","last_access_time":1728728999363,"last_updater_id":"IBMid-692000IQW1","last_update_time":1728728999363}}]}
