{"metadata":{"asset_id":"f5ff749b-c034-4843-a3b6-e44ead618eb4","asset_attributes":["notebook"],"name":"استبعد المخل بالأدب والعنصري من الجمل","asset_type":"notebook","created_at":"2024-11-09T06:46:28Z","description":"","origin_country":"us","owner_id":"IBMid-692000IQW1","project_id":"a9606b37-4f21-492c-90f2-ac1873e40946","size":8153,"tags":["notebook"],"usage":{"last_update_time":1731135044317,"last_updated_at":"2024-11-09T06:50:44Z"}},"entity":{"notebook":{"originates_from":{"type":"blank"},"kernel":{"name":"python3","display_name":"Python 3.10","language":"python"},"runtime":{"environment":"rt231pys1-a9606b37-4f21-492c-90f2-ac1873e40946"}},"location_definition":{"physical_location_code":"FRA","physical_location_code_assigned_by":"IBMid-692000IQW1","physical_location_code_rds_id":"c57cb90f-2126-3800-9c9f-9eab82021cdf","physical_location_code_rds_version":"00002024-0912-4034-8146-417144000000_4","physical_location_code_assignment_method":"INFERRED","physical_location_code_added_on":"1731134789222"}},"attachments":[{"id":"8930d439-b255-438e-be14-5e7abcea7d9d","version":2,"asset_type":"notebook","name":"attachment for notebook f5ff749b-c034-4843-a3b6-e44ead618eb4","description":"attachment for notebook f5ff749b-c034-4843-a3b6-e44ead618eb4","mime":"application/json","datasource_type":"193a97c1-4475-4a19-b90c-295c4fdc6517","object_key":"notebook/استبعدالمخلبالأدبوالعنصريمنالجمل-wxnotebook__da__33945464rg.ipynb","creator_id":"IBMid-692000IQW1","create_time":1731134789226,"size":8153,"is_remote":false,"is_managed":false,"is_referenced":true,"is_object_key_read_only":false,"is_user_provided_path_key":true,"transfer_complete":true,"is_partitioned":false,"complete_time_ticks":1731134789226,"user_data":{},"test_doc":0,"handle":{"bucket":"aleflammemsana-donotdelete-pr-ah4i0rp655wjcp","location":"eu-de","type":"bluemix_cos","key":"notebook/استبعدالمخلبالأدبوالعنصريمنالجمل-wxnotebook__da__33945464rg.ipynb","upload_id":"done","max_part_num":1},"usage":{"access_count":1,"last_accessor_id":"IBMid-692000IQW1","last_access_time":1731135044314,"last_updater_id":"IBMid-692000IQW1","last_update_time":1731135044314}}]}
