{"metadata":{"asset_id":"2139147c-9869-4ba0-adbd-245b2e42fea7","asset_attributes":["notebook"],"name":"استبعد المخل بالأدب والعنصري من الجمل","asset_type":"notebook","created_at":"2024-11-09T06:40:08Z","description":"","origin_country":"us","owner_id":"IBMid-692000IQW1","project_id":"a9606b37-4f21-492c-90f2-ac1873e40946","size":6794,"tags":["notebook"],"usage":{"last_update_time":1731134409500,"last_updated_at":"2024-11-09T06:40:09Z"}},"entity":{"notebook":{"originates_from":{"type":"blank"},"runtime":{"environment":"rt231pys1-a9606b37-4f21-492c-90f2-ac1873e40946"}},"location_definition":{"physical_location_code":"FRA","physical_location_code_assigned_by":"IBMid-692000IQW1","physical_location_code_rds_id":"c57cb90f-2126-3800-9c9f-9eab82021cdf","physical_location_code_rds_version":"00002024-0912-4034-8146-417144000000_4","physical_location_code_assignment_method":"INFERRED","physical_location_code_added_on":"1731134409494"}},"attachments":[{"id":"7cb04e59-103c-4bb6-bcdf-0b799c1ebed0","version":2,"asset_type":"notebook","name":"attachment for notebook 2139147c-9869-4ba0-adbd-245b2e42fea7","description":"attachment for notebook 2139147c-9869-4ba0-adbd-245b2e42fea7","mime":"application/json","datasource_type":"193a97c1-4475-4a19-b90c-295c4fdc6517","object_key":"notebook/استبعدالمخلبالأدبوالعنصريمنالجمل-wxnotebook__da__d9eeujc0x2.ipynb","creator_id":"IBMid-692000IQW1","create_time":1731134409499,"size":6794,"is_remote":false,"is_managed":false,"is_referenced":true,"is_object_key_read_only":false,"is_user_provided_path_key":true,"transfer_complete":true,"is_partitioned":false,"complete_time_ticks":1731134409499,"user_data":{},"test_doc":0,"handle":{"bucket":"aleflammemsana-donotdelete-pr-ah4i0rp655wjcp","location":"eu-de","type":"bluemix_cos","key":"notebook/استبعدالمخلبالأدبوالعنصريمنالجمل-wxnotebook__da__d9eeujc0x2.ipynb","upload_id":"done","max_part_num":1},"usage":{"access_count":0,"last_accessor_id":"IBMid-692000IQW1","last_access_time":1731134409499}}]}
