{"metadata":{"asset_id":"55c66018-a4c9-4260-a692-0daae14e0012","asset_attributes":["notebook"],"name":"Adding_diff_level_removing_spaces","asset_type":"notebook","created_at":"2024-11-07T14:42:36Z","description":"","origin_country":"us","owner_id":"IBMid-692000IQW1","project_id":"a9606b37-4f21-492c-90f2-ac1873e40946","size":11167,"tags":["notebook"],"usage":{"last_update_time":1730991335741,"last_updated_at":"2024-11-07T14:55:35Z"}},"entity":{"notebook":{"originates_from":{"type":"blank"},"kernel":{"name":"python3","display_name":"Python 3.10","language":"python"},"runtime":{"environment":"rt231pys1-a9606b37-4f21-492c-90f2-ac1873e40946"}},"location_definition":{"physical_location_code":"FRA","physical_location_code_assigned_by":"IBMid-692000IQW1","physical_location_code_rds_id":"c57cb90f-2126-3800-9c9f-9eab82021cdf","physical_location_code_rds_version":"00002024-0912-4034-8146-417144000000_4","physical_location_code_assignment_method":"INFERRED","physical_location_code_added_on":"1730990557470"}},"attachments":[{"id":"ca245356-891e-43b7-803a-f06497ef304c","version":2,"asset_type":"notebook","name":"attachment for notebook 55c66018-a4c9-4260-a692-0daae14e0012","description":"attachment for notebook 55c66018-a4c9-4260-a692-0daae14e0012","mime":"application/json","datasource_type":"193a97c1-4475-4a19-b90c-295c4fdc6517","object_key":"notebook/Adding_diff_level_removing_spaces-wxnotebook__da__2tsjtogwyf.ipynb","creator_id":"IBMid-692000IQW1","create_time":1730990557473,"size":11167,"is_remote":false,"is_managed":false,"is_referenced":true,"is_object_key_read_only":false,"is_user_provided_path_key":true,"transfer_complete":true,"is_partitioned":false,"complete_time_ticks":1730990557473,"user_data":{},"test_doc":0,"handle":{"bucket":"aleflammemsana-donotdelete-pr-ah4i0rp655wjcp","location":"eu-de","type":"bluemix_cos","key":"notebook/Adding_diff_level_removing_spaces-wxnotebook__da__2tsjtogwyf.ipynb","upload_id":"done","max_part_num":1},"usage":{"access_count":1,"last_accessor_id":"IBMid-692000IQW1","last_access_time":1730991335738,"last_updater_id":"IBMid-692000IQW1","last_update_time":1730991335738}}]}
