{"metadata":{"asset_id":"bd2d5458-4188-4d94-b0c7-2e60d6303478","asset_attributes":["notebook"],"name":"preposition_adding_difficulty_levels_2nd_prompt_ver4","asset_type":"notebook","created_at":"2024-11-08T10:29:07Z","description":"","origin_country":"us","owner_id":"IBMid-692000IQW1","project_id":"a9606b37-4f21-492c-90f2-ac1873e40946","size":14067,"tags":["notebook"],"usage":{"last_update_time":1731061748583,"last_updated_at":"2024-11-08T10:29:08Z"}},"entity":{"notebook":{"originates_from":{"type":"blank"},"runtime":{"environment":"rt231pys1-a9606b37-4f21-492c-90f2-ac1873e40946"}},"location_definition":{"physical_location_code":"FRA","physical_location_code_assigned_by":"IBMid-692000IQW1","physical_location_code_rds_id":"c57cb90f-2126-3800-9c9f-9eab82021cdf","physical_location_code_rds_version":"00002024-0912-4034-8146-417144000000_4","physical_location_code_assignment_method":"INFERRED","physical_location_code_added_on":"1731061748578"}},"attachments":[{"id":"6135133c-c256-48cf-8b4e-4ac642b63a58","version":2,"asset_type":"notebook","name":"attachment for notebook bd2d5458-4188-4d94-b0c7-2e60d6303478","description":"attachment for notebook bd2d5458-4188-4d94-b0c7-2e60d6303478","mime":"application/json","datasource_type":"193a97c1-4475-4a19-b90c-295c4fdc6517","object_key":"notebook/preposition_adding_difficulty_levels_2nd_prompt_ver4-wxnotebook__da__gk43740xbl.ipynb","creator_id":"IBMid-692000IQW1","create_time":1731061748581,"size":14067,"is_remote":false,"is_managed":false,"is_referenced":true,"is_object_key_read_only":false,"is_user_provided_path_key":true,"transfer_complete":true,"is_partitioned":false,"complete_time_ticks":1731061748581,"user_data":{},"test_doc":0,"handle":{"bucket":"aleflammemsana-donotdelete-pr-ah4i0rp655wjcp","location":"eu-de","type":"bluemix_cos","key":"notebook/preposition_adding_difficulty_levels_2nd_prompt_ver4-wxnotebook__da__gk43740xbl.ipynb","upload_id":"done","max_part_num":1},"usage":{"access_count":0,"last_accessor_id":"IBMid-692000IQW1","last_access_time":1731061748581}}]}
