{"metadata":{"asset_id":"8890b542-558a-4bcc-a0c2-9fda69a30dfc","asset_attributes":["notebook"],"name":"Structured prompt- last try-","asset_type":"notebook","created_at":"2024-10-05T23:19:43Z","description":"","origin_country":"us","owner_id":"IBMid-692000IQW1","project_id":"a9606b37-4f21-492c-90f2-ac1873e40946","size":13152,"tags":["notebook"],"usage":{"last_update_time":1728170383892,"last_updated_at":"2024-10-05T23:19:43Z"}},"entity":{"notebook":{"originates_from":{"type":"blank"},"runtime":{"environment":"rt231pys1-a9606b37-4f21-492c-90f2-ac1873e40946"}},"location_definition":{"physical_location_code":"FRA","physical_location_code_assigned_by":"IBMid-692000IQW1","physical_location_code_rds_id":"c57cb90f-2126-3800-9c9f-9eab82021cdf","physical_location_code_rds_version":"00002024-0912-4034-8146-417144000000_4","physical_location_code_assignment_method":"INFERRED","physical_location_code_added_on":"1728170383886"}},"attachments":[{"id":"5b2635d9-b8de-4c5f-b28e-edff730fc1f8","version":2,"asset_type":"notebook","name":"attachment for notebook 8890b542-558a-4bcc-a0c2-9fda69a30dfc","description":"attachment for notebook 8890b542-558a-4bcc-a0c2-9fda69a30dfc","mime":"application/json","datasource_type":"193a97c1-4475-4a19-b90c-295c4fdc6517","object_key":"notebook/Structuredprompt-lasttry--wxnotebook__da__js8ngjnjap.ipynb","creator_id":"IBMid-692000IQW1","create_time":1728170383891,"size":13152,"is_remote":false,"is_managed":false,"is_referenced":true,"is_object_key_read_only":false,"is_user_provided_path_key":true,"transfer_complete":true,"is_partitioned":false,"complete_time_ticks":1728170383891,"user_data":{},"test_doc":0,"handle":{"bucket":"aleflammemsana-donotdelete-pr-ah4i0rp655wjcp","location":"eu-de","type":"bluemix_cos","key":"notebook/Structuredprompt-lasttry--wxnotebook__da__js8ngjnjap.ipynb","upload_id":"done","max_part_num":1},"usage":{"access_count":0,"last_accessor_id":"IBMid-692000IQW1","last_access_time":1728170383891}}]}
