{"metadata":{"asset_id":"1418000c-65ec-465c-ad31-2d0273f70317","asset_attributes":["notebook"],"name":"Structured_prompt_prepositions_help","asset_type":"notebook","created_at":"2024-10-05T23:20:42Z","description":"","origin_country":"us","owner_id":"IBMid-692000IQW1","project_id":"a9606b37-4f21-492c-90f2-ac1873e40946","size":13152,"tags":["notebook"],"usage":{"last_update_time":1728170442846,"last_updated_at":"2024-10-05T23:20:42Z"}},"entity":{"notebook":{"originates_from":{"type":"blank"},"runtime":{"environment":"rt231pys1-a9606b37-4f21-492c-90f2-ac1873e40946"}},"location_definition":{"physical_location_code":"FRA","physical_location_code_assigned_by":"IBMid-692000IQW1","physical_location_code_rds_id":"c57cb90f-2126-3800-9c9f-9eab82021cdf","physical_location_code_rds_version":"00002024-0912-4034-8146-417144000000_4","physical_location_code_assignment_method":"INFERRED","physical_location_code_added_on":"1728170442843"}},"attachments":[{"id":"477a2339-82f4-4881-802e-e056fd1d3ef8","version":2,"asset_type":"notebook","name":"attachment for notebook 1418000c-65ec-465c-ad31-2d0273f70317","description":"attachment for notebook 1418000c-65ec-465c-ad31-2d0273f70317","mime":"application/json","datasource_type":"193a97c1-4475-4a19-b90c-295c4fdc6517","object_key":"notebook/Structured_prompt_prepositions_help-wxnotebook__da__5qt5altea1.ipynb","creator_id":"IBMid-692000IQW1","create_time":1728170442845,"size":13152,"is_remote":false,"is_managed":false,"is_referenced":true,"is_object_key_read_only":false,"is_user_provided_path_key":true,"transfer_complete":true,"is_partitioned":false,"complete_time_ticks":1728170442845,"user_data":{},"test_doc":0,"handle":{"bucket":"aleflammemsana-donotdelete-pr-ah4i0rp655wjcp","location":"eu-de","type":"bluemix_cos","key":"notebook/Structured_prompt_prepositions_help-wxnotebook__da__5qt5altea1.ipynb","upload_id":"done","max_part_num":1},"usage":{"access_count":0,"last_accessor_id":"IBMid-692000IQW1","last_access_time":1728170442845}}]}
