{"metadata":{"asset_id":"c5030ec6-be22-4158-bc33-750c5aa11894","asset_attributes":["notebook"],"name":"Grammar - Prepositions Bingo- RAG and tuned","asset_type":"notebook","created_at":"2024-09-18T21:35:38Z","description":"","origin_country":"us","owner_id":"IBMid-692000IQW1","project_id":"a9606b37-4f21-492c-90f2-ac1873e40946","size":52553,"tags":["notebook"],"usage":{"last_update_time":1726812200853,"last_updated_at":"2024-09-20T06:03:20Z"}},"entity":{"notebook":{"originates_from":{"type":"blank"},"kernel":{"name":"python3","display_name":"Python 3.10","language":"python"},"runtime":{"environment":"rt231pys1-a9606b37-4f21-492c-90f2-ac1873e40946"}},"location_definition":{"physical_location_code":"FRA","physical_location_code_assigned_by":"IBMid-692000IQW1","physical_location_code_rds_id":"c57cb90f-2126-3800-9c9f-9eab82021cdf","physical_location_code_rds_version":"00002024-0912-4034-8146-417144000000_4","physical_location_code_assignment_method":"INFERRED","physical_location_code_added_on":"1726695339376"}},"attachments":[{"id":"7e9a977d-9451-48e6-9dc0-ed60a5387d2d","version":2,"asset_type":"notebook","name":"attachment for notebook c5030ec6-be22-4158-bc33-750c5aa11894","description":"attachment for notebook c5030ec6-be22-4158-bc33-750c5aa11894","mime":"application/json","datasource_type":"193a97c1-4475-4a19-b90c-295c4fdc6517","object_key":"notebook/Grammar-PrepositionsBingo-RAGandtuned-wxnotebook__da__4rqj7l2jl8.ipynb","creator_id":"IBMid-692000IQW1","create_time":1726695339382,"size":52553,"is_remote":false,"is_managed":false,"is_referenced":true,"is_object_key_read_only":false,"is_user_provided_path_key":true,"transfer_complete":true,"is_partitioned":false,"complete_time_ticks":1726695339382,"user_data":{},"test_doc":0,"handle":{"bucket":"aleflammemsana-donotdelete-pr-ah4i0rp655wjcp","location":"eu-de","type":"bluemix_cos","key":"notebook/Grammar-PrepositionsBingo-RAGandtuned-wxnotebook__da__4rqj7l2jl8.ipynb","upload_id":"done","max_part_num":1},"usage":{"access_count":11,"last_accessor_id":"IBMid-692000IQW1","last_access_time":1726812200852,"last_updater_id":"IBMid-692000IQW1","last_update_time":1726812200852}}]}
