{"metadata":{"asset_id":"384e3eb5-6ec6-4723-9d2a-d700252ae866","asset_attributes":["notebook"],"name":"بنغو المبسطة - setting the instructions to follow one word commands","asset_type":"notebook","created_at":"2024-09-28T21:27:56Z","description":"","origin_country":"us","owner_id":"IBMid-692000IQW1","project_id":"a9606b37-4f21-492c-90f2-ac1873e40946","size":80515,"tags":["notebook"],"usage":{"last_update_time":1727582641985,"last_updated_at":"2024-09-29T04:04:01Z"}},"entity":{"notebook":{"originates_from":{"type":"blank"},"kernel":{"name":"python3","display_name":"Python 3.10","language":"python"},"runtime":{"environment":"rt231pys1-a9606b37-4f21-492c-90f2-ac1873e40946"}},"location_definition":{"physical_location_code":"FRA","physical_location_code_assigned_by":"IBMid-692000IQW1","physical_location_code_rds_id":"c57cb90f-2126-3800-9c9f-9eab82021cdf","physical_location_code_rds_version":"00002024-0912-4034-8146-417144000000_4","physical_location_code_assignment_method":"INFERRED","physical_location_code_added_on":"1727558876986"}},"attachments":[{"id":"dc16fe2e-442d-4fb6-9cb5-399fc1b05763","version":2,"asset_type":"notebook","name":"attachment for notebook 384e3eb5-6ec6-4723-9d2a-d700252ae866","description":"attachment for notebook 384e3eb5-6ec6-4723-9d2a-d700252ae866","mime":"application/json","datasource_type":"193a97c1-4475-4a19-b90c-295c4fdc6517","object_key":"notebook/بنغوالمبسطة-settingtheinstructionstofollowonewordcommands-wxnotebook__da__u6t1jan5nw.ipynb","creator_id":"IBMid-692000IQW1","create_time":1727558876991,"size":80515,"is_remote":false,"is_managed":false,"is_referenced":true,"is_object_key_read_only":false,"is_user_provided_path_key":true,"transfer_complete":true,"is_partitioned":false,"complete_time_ticks":1727558876991,"user_data":{},"test_doc":0,"handle":{"bucket":"aleflammemsana-donotdelete-pr-ah4i0rp655wjcp","location":"eu-de","type":"bluemix_cos","key":"notebook/بنغوالمبسطة-settingtheinstructionstofollowonewordcommands-wxnotebook__da__u6t1jan5nw.ipynb","upload_id":"done","max_part_num":1},"usage":{"access_count":8,"last_accessor_id":"IBMid-692000IQW1","last_access_time":1727582641981,"last_updater_id":"IBMid-692000IQW1","last_update_time":1727582641981}}]}
