{"metadata":{"asset_id":"17fbde08-97ce-47bd-b77f-eccb0c44fe85","asset_attributes":["notebook"],"name":"preposition_adding_difficulty_levels_2nd_prompt_ver4","asset_type":"notebook","created_at":"2024-11-08T09:27:51Z","description":"","origin_country":"us","owner_id":"IBMid-692000IQW1","project_id":"a9606b37-4f21-492c-90f2-ac1873e40946","size":15631,"tags":["notebook"],"usage":{"last_update_time":1731059074440,"last_updated_at":"2024-11-08T09:44:34Z"}},"entity":{"notebook":{"originates_from":{"type":"blank"},"kernel":{"name":"python3","display_name":"Python 3.10","language":"python"},"runtime":{"environment":"rt231pys1-a9606b37-4f21-492c-90f2-ac1873e40946"}},"location_definition":{"physical_location_code":"FRA","physical_location_code_assigned_by":"IBMid-692000IQW1","physical_location_code_rds_id":"c57cb90f-2126-3800-9c9f-9eab82021cdf","physical_location_code_rds_version":"00002024-0912-4034-8146-417144000000_4","physical_location_code_assignment_method":"INFERRED","physical_location_code_added_on":"1731058072250"}},"attachments":[{"id":"af0b99d9-3e91-49d6-8630-6576fa458591","version":2,"asset_type":"notebook","name":"attachment for notebook 17fbde08-97ce-47bd-b77f-eccb0c44fe85","description":"attachment for notebook 17fbde08-97ce-47bd-b77f-eccb0c44fe85","mime":"application/json","datasource_type":"193a97c1-4475-4a19-b90c-295c4fdc6517","object_key":"notebook/preposition_adding_difficulty_levels_2nd_prompt_ver4-wxnotebook__da__rvomlu2khp.ipynb","creator_id":"IBMid-692000IQW1","create_time":1731058072253,"size":15631,"is_remote":false,"is_managed":false,"is_referenced":true,"is_object_key_read_only":false,"is_user_provided_path_key":true,"transfer_complete":true,"is_partitioned":false,"complete_time_ticks":1731058072253,"user_data":{},"test_doc":0,"handle":{"bucket":"aleflammemsana-donotdelete-pr-ah4i0rp655wjcp","location":"eu-de","type":"bluemix_cos","key":"notebook/preposition_adding_difficulty_levels_2nd_prompt_ver4-wxnotebook__da__rvomlu2khp.ipynb","upload_id":"done","max_part_num":1},"usage":{"access_count":1,"last_accessor_id":"IBMid-692000IQW1","last_access_time":1731059074438,"last_updater_id":"IBMid-692000IQW1","last_update_time":1731059074438}}]}
