{"id":"429c6d86-2b33-4315-a8f2-b7594baa95a6","name":"أحرف الجر -RAG","description":"","created_at":1727533071526,"created_by":"IBMid-692000IQW1","last_updated_at":1727533075509,"last_updated_by":"IBMid-692000IQW1","data_assets":["7aced486-7b01-40f4-a644-546098618fb5"],"store":{"type":"memory"},"settings":{"chunk_size":2610,"chunk_overlap":130,"split_pdf_pages":true,"top_k":3,"rerank":false,"embedding_model_id":"Xenova/all-MiniLM-L6-v2"},"status":"ready","attachment_object_key":"vector_index/أحرفالجر-RAG__da__5ciim3gm14.gz"}
