{"id":"39706658-4c44-4706-89f1-241393a57b92","name":"أحرف الجر -RAG","description":"","created_at":1727300570667,"created_by":"IBMid-692000IQW1","last_updated_at":1727318793600,"last_updated_by":"IBMid-692000IQW1","data_assets":["7aced486-7b01-40f4-a644-546098618fb5"],"store":{"type":"memory"},"settings":{"chunk_size":500,"chunk_overlap":90,"split_pdf_pages":true,"top_k":3,"rerank":false,"embedding_model_id":"Xenova/all-MiniLM-L6-v2"},"status":"ready","attachment_object_key":"vector_index/أحرفالجر-RAG__da__nrwggakenl.gz"}
