{"id":"481a2f58-5c99-4a61-9986-1e165562b105","name":"أحرف الجر -RAG","description":"","created_at":1727207919788,"created_by":"IBMid-692000IQW1","last_updated_at":1727209091942,"last_updated_by":"IBMid-692000IQW1","data_assets":["7aced486-7b01-40f4-a644-546098618fb5"],"store":{"type":"memory"},"settings":{"chunk_size":500,"chunk_overlap":120,"split_pdf_pages":true,"top_k":5,"rerank":false,"embedding_model_id":"Xenova/all-MiniLM-L6-v2"},"status":"ready","attachment_object_key":"vector_index/أحرفالجر-RAG__da__zxf7ajuklf.gz"}
