{"id":"bbe47cf3-06fe-465c-af63-fdc508406af4","name":"أحرف الجر -RAG","description":"","created_at":1727531492681,"created_by":"IBMid-692000IQW1","last_updated_at":1727531497327,"last_updated_by":"IBMid-692000IQW1","data_assets":["7aced486-7b01-40f4-a644-546098618fb5"],"store":{"type":"memory"},"settings":{"chunk_size":2610,"chunk_overlap":130,"split_pdf_pages":true,"top_k":3,"rerank":false,"embedding_model_id":"Xenova/all-MiniLM-L6-v2"},"status":"ready","attachment_object_key":"vector_index/أحرفالجر-RAG__da__ap3h1hpo3n.gz"}
