{"id":"6e97e18f-4a0c-4e4f-8f9e-f2a7ba5bcde1","name":"أحرف الجر -RAG- مختصر","description":"","created_at":1727536822538,"created_by":"IBMid-692000IQW1","last_updated_at":1727536825941,"last_updated_by":"IBMid-692000IQW1","data_assets":["b0aae791-6290-4be0-ae39-f5d3eda8fccf"],"store":{"type":"memory"},"settings":{"chunk_size":1000,"chunk_overlap":100,"split_pdf_pages":true,"top_k":3,"rerank":false,"embedding_model_id":"Xenova/all-MiniLM-L6-v2"},"status":"ready","attachment_object_key":"vector_index/أحرفالجر-RAG-مختصر__da__ucs4uh50gv.gz"}
