{"id":"90d28976-ebd0-43d9-b73a-9ae8e8f24b43","name":"أحرف الجر -RAG","description":"","created_at":1727533590946,"created_by":"IBMid-692000IQW1","last_updated_at":1727533594646,"last_updated_by":"IBMid-692000IQW1","data_assets":["7aced486-7b01-40f4-a644-546098618fb5"],"store":{"type":"memory"},"settings":{"chunk_size":2000,"chunk_overlap":200,"split_pdf_pages":true,"top_k":3,"rerank":false,"embedding_model_id":"Xenova/all-MiniLM-L6-v2"},"status":"ready","attachment_object_key":"vector_index/أحرفالجر-RAG__da__at6glmhsn8.gz"}
