{"id":"46a44af2-e5e9-42df-bfb1-66b8bd4aeba0","name":"أحرف الجر -RAG- مختصر - مع نقاط","description":"","created_at":1727543424073,"created_by":"IBMid-692000IQW1","last_updated_at":1727543428175,"last_updated_by":"IBMid-692000IQW1","data_assets":["e559e597-87eb-419b-b2d7-cc23e8e8b9dd"],"store":{"type":"memory"},"settings":{"chunk_size":1000,"chunk_overlap":100,"split_pdf_pages":true,"top_k":3,"rerank":false,"embedding_model_id":"Xenova/all-MiniLM-L6-v2"},"status":"ready","attachment_object_key":"vector_index/أحرفالجر-RAG-مختصر-معنقاط__da__5nrhwf5iiw.gz"}
