{"id":"1fb02077-a0b8-4e22-b1c7-3e3a931a0fd3","name":"أحرف الجر - المجتمع العربي العلمي","description":"تعريف الأحرف، ثم تعريف أحرف الجر واستعمالاتهم.\nشرح عن الأحرف (من، إلى ، عن ، على، حتى، في، اللام، الكاف، الباء، لولا، مذ ومنذ.","created_at":1726694386304,"created_by":"IBMid-692000IQW1","last_updated_at":1726694390732,"last_updated_by":"IBMid-692000IQW1","data_assets":["3922ddb9-d141-4ea4-bdd0-d21dce0224a8"],"store":{"type":"memory"},"settings":{"chunk_size":1500,"chunk_overlap":180,"split_pdf_pages":true,"top_k":3,"rerank":false,"embedding_model_id":"Xenova/all-MiniLM-L6-v2"},"status":"ready","attachment_object_key":"vector_index/أحرفالجر-المجتمعالعربيالعلمي__da__2jrnyijqgc.gz"}
