{"operation":"remove_lock","lockedBy":{"user_email":"sana.bashar.fawal@gmail.com","user":"sana.bashar.fawal@gmail.com","iam_id":"IBMid-692000IQW1","user_role":"admin"},"markdown":"### About\nCreate innovative educational games for Arabic language learning to revolutionize the way people acquire and maintain Arabic language skills. The platform leverages the advanced Allam Large Language Model to create an immersive and highly effective learning experience. By designing engaging gameplay that adapts to specific Arabic language skills like vocabulary memorization, grammar practice, and writing proficiency.\n\n#### Difficulty Levels\n- Beginner\n- Intermediate\n- Expert\n\n#### Arabic Skills\n- Vocabulary \n- Sentences\n- Grammar\n\n### Games\n- [placehoder]\n- [placehoder]"}