{"metadata":{"asset_id":"3790c298-9aa9-41d4-b8cd-c062a5ee60ca","asset_attributes":["data_asset","directory_asset"],"name":"examples Word tokenization.docx","asset_type":"data_asset","created_at":"2024-09-25T18:24:29Z","origin_country":"us","owner_id":"IBMid-691000IEQ5","project_id":"404e8279-d931-4311-b13d-4327914f2b8c","size":15733,"usage":{"last_update_time":1727288669843,"last_updated_at":"2024-09-25T18:24:29Z"}},"entity":{"data_asset":{"mime_type":"application/vnd.openxmlformats-officedocument.wordprocessingml.document","dataset":false},"directory_asset":{"path":""},"location_definition":{"physical_location_code_assignment_method":"INFERRED","physical_location_code":"FRA","physical_location_code_assigned_by":"IBMid-691000IEQ5","physical_location_code_added_on":"1727288670565","physical_location_code_rds_version":"00002024-0912-4034-8146-417144000000_4","physical_location_code_rds_id":"c57cb90f-2126-3800-9c9f-9eab82021cdf"}},"attachments":[{"id":"ae082f3e-553a-4b2a-b812-179bb72aa1e5","version":2,"asset_type":"data_asset","name":"examples Word tokenization.docx","mime":"application/vnd.openxmlformats-officedocument.wordprocessingml.document","datasource_type":"193a97c1-4475-4a19-b90c-295c4fdc6517","object_key":"examples Word tokenization.docx","creator_id":"IBMid-691000IEQ5","create_time":1727288670569,"size":15733,"is_remote":false,"is_managed":false,"is_referenced":true,"is_object_key_read_only":true,"is_user_provided_path_key":true,"transfer_complete":true,"is_partitioned":false,"complete_time_ticks":1727288670569,"user_data":{},"test_doc":0,"handle":{"bucket":"demo3-donotdelete-pr-svv5yy4bxu96id","location":"eu-de","type":"bluemix_cos","key":"examples Word tokenization.docx","upload_id":"done","max_part_num":1},"usage":{"access_count":0,"last_accessor_id":"IBMid-691000IEQ5","last_access_time":1727288670569}}]}
