{"metadata":{"asset_id":"9c088d3a-5986-44e0-bf70-a64c7f26e1ea","asset_attributes":["notebook"],"name":"لعبة الكلمات - notebook","asset_type":"notebook","created_at":"2024-09-24T05:15:42Z","description":"","origin_country":"us","owner_id":"IBMid-691000IEQ5","project_id":"404e8279-d931-4311-b13d-4327914f2b8c","size":63589,"tags":["notebook"],"usage":{"last_update_time":1727446841120,"last_updated_at":"2024-09-27T14:20:41Z"}},"entity":{"notebook":{"originates_from":{"type":"blank"},"kernel":{"name":"python3","display_name":"Python 3.10","language":"python"},"runtime":{"environment":"rt231pys1-404e8279-d931-4311-b13d-4327914f2b8c"}},"location_definition":{"physical_location_code":"FRA","physical_location_code_assigned_by":"IBMid-691000IEQ5","physical_location_code_rds_id":"c57cb90f-2126-3800-9c9f-9eab82021cdf","physical_location_code_rds_version":"00002024-0912-4034-8146-417144000000_4","physical_location_code_assignment_method":"INFERRED","physical_location_code_added_on":"1727154943255"}},"attachments":[{"id":"0157d374-ff2a-401d-a668-d8b5d08c4242","version":2,"asset_type":"notebook","name":"attachment for notebook 9c088d3a-5986-44e0-bf70-a64c7f26e1ea","description":"attachment for notebook 9c088d3a-5986-44e0-bf70-a64c7f26e1ea","mime":"application/json","datasource_type":"193a97c1-4475-4a19-b90c-295c4fdc6517","object_key":"notebook/لعبةالكلمات-notebook-wxnotebook__da__x8e8sp6anw.ipynb","creator_id":"IBMid-691000IEQ5","create_time":1727154943258,"size":63589,"is_remote":false,"is_managed":false,"is_referenced":true,"is_object_key_read_only":false,"is_user_provided_path_key":true,"transfer_complete":true,"is_partitioned":false,"complete_time_ticks":1727154943258,"user_data":{},"test_doc":0,"handle":{"bucket":"demo3-donotdelete-pr-svv5yy4bxu96id","location":"eu-de","type":"bluemix_cos","key":"notebook/لعبةالكلمات-notebook-wxnotebook__da__x8e8sp6anw.ipynb","upload_id":"done","max_part_num":1},"usage":{"access_count":73,"last_accessor_id":"IBMid-691000IEQ5","last_access_time":1727446841116,"last_updater_id":"IBMid-691000IEQ5","last_update_time":1727446841116}}]}
