{"metadata":{"asset_id":"1c91371e-7891-485b-952f-aae1c36a01f0","asset_attributes":["notebook"],"name":"انشاء كلمات","asset_type":"notebook","created_at":"2024-09-30T04:24:05Z","description":"","origin_country":"us","owner_id":"IBMid-691000IEQ5","project_id":"404e8279-d931-4311-b13d-4327914f2b8c","size":30884,"tags":["notebook"],"usage":{"last_update_time":1728038587582,"last_updated_at":"2024-10-04T10:43:07Z"}},"entity":{"notebook":{"originates_from":{"type":"blank"},"kernel":{"name":"python3","display_name":"Python 3.10","language":"python"},"runtime":{"environment":"rt231pys1-404e8279-d931-4311-b13d-4327914f2b8c"}},"location_definition":{"physical_location_code":"FRA","physical_location_code_assigned_by":"IBMid-691000IEQ5","physical_location_code_rds_id":"c57cb90f-2126-3800-9c9f-9eab82021cdf","physical_location_code_rds_version":"00002024-0912-4034-8146-417144000000_4","physical_location_code_assignment_method":"INFERRED","physical_location_code_added_on":"1727670245761"}},"attachments":[{"id":"7852afcf-1d5c-4808-aa5e-fc3d5b065a93","version":2,"asset_type":"notebook","name":"attachment for notebook 1c91371e-7891-485b-952f-aae1c36a01f0","description":"attachment for notebook 1c91371e-7891-485b-952f-aae1c36a01f0","mime":"application/json","datasource_type":"193a97c1-4475-4a19-b90c-295c4fdc6517","object_key":"notebook/انشاءكلمات-wxnotebook__da__jctzidxe56.ipynb","creator_id":"IBMid-691000IEQ5","create_time":1727670245765,"size":30884,"is_remote":false,"is_managed":false,"is_referenced":true,"is_object_key_read_only":false,"is_user_provided_path_key":true,"transfer_complete":true,"is_partitioned":false,"complete_time_ticks":1727670245765,"user_data":{},"test_doc":0,"handle":{"bucket":"demo3-donotdelete-pr-svv5yy4bxu96id","location":"eu-de","type":"bluemix_cos","key":"notebook/انشاءكلمات-wxnotebook__da__jctzidxe56.ipynb","upload_id":"done","max_part_num":1},"usage":{"access_count":51,"last_accessor_id":"IBMid-691000IEQ5","last_access_time":1728038587580,"last_updater_id":"IBMid-691000IEQ5","last_update_time":1728038587580}}]}
