{"metadata":{"asset_id":"16d9c7ab-f5a8-400e-87e1-47d762dbc22c","asset_attributes":["notebook"],"name":"تحليل الكلمات - structured","asset_type":"notebook","created_at":"2024-09-22T04:25:03Z","description":"","origin_country":"us","owner_id":"IBMid-691000IEQ5","project_id":"404e8279-d931-4311-b13d-4327914f2b8c","size":7127,"tags":["notebook"],"usage":{"last_update_time":1727154836406,"last_updated_at":"2024-09-24T05:13:56Z"}},"entity":{"notebook":{"originates_from":{"type":"blank"},"kernel":{"name":"python3","display_name":"Python 3.10","language":"python"},"runtime":{"environment":"rt231pys1-404e8279-d931-4311-b13d-4327914f2b8c"}},"location_definition":{"physical_location_code":"FRA","physical_location_code_assigned_by":"IBMid-691000IEQ5","physical_location_code_rds_id":"c57cb90f-2126-3800-9c9f-9eab82021cdf","physical_location_code_rds_version":"00002024-0912-4034-8146-417144000000_4","physical_location_code_assignment_method":"INFERRED","physical_location_code_added_on":"1726979104209"}},"attachments":[{"id":"f6662663-5ce1-4b07-b3e3-262645dab1b6","version":2,"asset_type":"notebook","name":"attachment for notebook 16d9c7ab-f5a8-400e-87e1-47d762dbc22c","description":"attachment for notebook 16d9c7ab-f5a8-400e-87e1-47d762dbc22c","mime":"application/json","datasource_type":"193a97c1-4475-4a19-b90c-295c4fdc6517","object_key":"notebook/تحليلالكلمات-structured-wxnotebook__da__fy6prmqrpm.ipynb","creator_id":"IBMid-691000IEQ5","create_time":1726979104213,"size":7127,"is_remote":false,"is_managed":false,"is_referenced":true,"is_object_key_read_only":false,"is_user_provided_path_key":true,"transfer_complete":true,"is_partitioned":false,"complete_time_ticks":1726979104213,"user_data":{},"test_doc":0,"handle":{"bucket":"demo3-donotdelete-pr-svv5yy4bxu96id","location":"eu-de","type":"bluemix_cos","key":"notebook/تحليلالكلمات-structured-wxnotebook__da__fy6prmqrpm.ipynb","upload_id":"done","max_part_num":1},"usage":{"access_count":6,"last_accessor_id":"IBMid-691000IEQ5","last_access_time":1726983906589,"last_updater_id":"IBMid-691000IEQ5","last_update_time":1726983906589}}]}
