{"metadata":{"asset_id":"085247db-964d-4633-9900-f2fee52282f4","asset_attributes":["notebook"],"name":"Testing streamlit and Langchain","asset_type":"notebook","created_at":"2024-10-02T17:07:30Z","description":"","origin_country":"us","owner_id":"IBMid-691000IEQ5","project_id":"404e8279-d931-4311-b13d-4327914f2b8c","size":18712,"tags":["notebook"],"usage":{"last_update_time":1727889974479,"last_updated_at":"2024-10-02T17:26:14Z"}},"entity":{"notebook":{"kernel":{"name":"python3","display_name":"Python 3.11","language":"python"},"originates_from":{"url":"https://api.eu-de.dataplatform.cloud.ibm.com/data/notebooks/converter/assets/d0f06a37-1460-4542-baac-614f51e32673?access_token=eb686a754db228d19d153440af966c7960c645be92c29511231d1759eaeec0bd&format=ipynb&project=5637c821-378b-4fc9-b2b7-c96b62f8be4e","type":"url"},"runtime":{"environment":"rt241pys2-404e8279-d931-4311-b13d-4327914f2b8c"}},"location_definition":{"physical_location_code":"FRA","physical_location_code_assigned_by":"IBMid-691000IEQ5","physical_location_code_rds_id":"c57cb90f-2126-3800-9c9f-9eab82021cdf","physical_location_code_rds_version":"00002024-0912-4034-8146-417144000000_4","physical_location_code_assignment_method":"INFERRED","physical_location_code_added_on":"1727888850791"}},"attachments":[{"id":"0f94ddd8-e755-45ac-9aae-f17da96a22a0","version":2,"asset_type":"notebook","name":"attachment for notebook 085247db-964d-4633-9900-f2fee52282f4","description":"attachment for notebook 085247db-964d-4633-9900-f2fee52282f4","mime":"application/json","datasource_type":"193a97c1-4475-4a19-b90c-295c4fdc6517","object_key":"notebook/Testing_streamlit_and_Langchain_SaPI60hd7.ipynb","creator_id":"IBMid-691000IEQ5","create_time":1727888850793,"size":18712,"is_remote":false,"is_managed":false,"is_referenced":true,"is_object_key_read_only":false,"is_user_provided_path_key":true,"transfer_complete":true,"is_partitioned":false,"complete_time_ticks":1727888850793,"user_data":{},"test_doc":0,"handle":{"bucket":"demo3-donotdelete-pr-svv5yy4bxu96id","location":"eu-de","type":"bluemix_cos","key":"notebook/Testing_streamlit_and_Langchain_SaPI60hd7.ipynb","upload_id":"done","max_part_num":1},"usage":{"access_count":7,"last_accessor_id":"IBMid-691000IEQ5","last_access_time":1727889974476,"last_updater_id":"IBMid-691000IEQ5","last_update_time":1727889974476}}]}
