{"metadata":{"asset_id":"0e469f49-604a-435b-95c3-2743015c9d52","asset_attributes":["notebook"],"name":"توليد جمل مع كلمات","asset_type":"notebook","created_at":"2024-10-05T16:17:09Z","description":"","origin_country":"us","owner_id":"IBMid-691000IEQ5","project_id":"404e8279-d931-4311-b13d-4327914f2b8c","size":36052,"tags":["notebook"],"usage":{"last_update_time":1728157346882,"last_updated_at":"2024-10-05T19:42:26Z"}},"entity":{"notebook":{"originates_from":{"type":"blank"},"kernel":{"name":"python3","display_name":"Python 3.10","language":"python"},"runtime":{"environment":"rt231pys1-404e8279-d931-4311-b13d-4327914f2b8c"}},"location_definition":{"physical_location_code":"FRA","physical_location_code_assigned_by":"IBMid-691000IEQ5","physical_location_code_rds_id":"c57cb90f-2126-3800-9c9f-9eab82021cdf","physical_location_code_rds_version":"00002024-0912-4034-8146-417144000000_4","physical_location_code_assignment_method":"INFERRED","physical_location_code_added_on":"1728145030242"}},"attachments":[{"id":"ce4d4467-cd54-421d-a37d-c4b3bace69d8","version":2,"asset_type":"notebook","name":"attachment for notebook 0e469f49-604a-435b-95c3-2743015c9d52","description":"attachment for notebook 0e469f49-604a-435b-95c3-2743015c9d52","mime":"application/json","datasource_type":"193a97c1-4475-4a19-b90c-295c4fdc6517","object_key":"notebook/توليدجملمعكلمات-wxnotebook__da__mg1fxoxeus.ipynb","creator_id":"IBMid-691000IEQ5","create_time":1728145030246,"size":36052,"is_remote":false,"is_managed":false,"is_referenced":true,"is_object_key_read_only":false,"is_user_provided_path_key":true,"transfer_complete":true,"is_partitioned":false,"complete_time_ticks":1728145030246,"user_data":{},"test_doc":0,"handle":{"bucket":"demo3-donotdelete-pr-svv5yy4bxu96id","location":"eu-de","type":"bluemix_cos","key":"notebook/توليدجملمعكلمات-wxnotebook__da__mg1fxoxeus.ipynb","upload_id":"done","max_part_num":1},"usage":{"access_count":16,"last_accessor_id":"IBMid-691000IEQ5","last_access_time":1728157346879,"last_updater_id":"IBMid-691000IEQ5","last_update_time":1728157346879}}]}
