{"metadata":{"asset_id":"3aeaf194-d5cd-4528-879c-335f3bcd6ac1","asset_attributes":["notebook"],"name":"تصنيف قسم الكلام","asset_type":"notebook","created_at":"2024-09-30T19:45:27Z","description":"","origin_country":"us","owner_id":"IBMid-691000IEQ5","project_id":"404e8279-d931-4311-b13d-4327914f2b8c","size":6647,"tags":["notebook"],"usage":{"last_update_time":1727725527836,"last_updated_at":"2024-09-30T19:45:27Z"}},"entity":{"notebook":{"originates_from":{"type":"blank"},"runtime":{"environment":"rt231pys1-404e8279-d931-4311-b13d-4327914f2b8c"}},"location_definition":{"physical_location_code":"FRA","physical_location_code_assigned_by":"IBMid-691000IEQ5","physical_location_code_rds_id":"c57cb90f-2126-3800-9c9f-9eab82021cdf","physical_location_code_rds_version":"00002024-0912-4034-8146-417144000000_4","physical_location_code_assignment_method":"INFERRED","physical_location_code_added_on":"1727725527830"}},"attachments":[{"id":"7a228d97-fa4b-400f-964c-548fd34c397f","version":2,"asset_type":"notebook","name":"attachment for notebook 3aeaf194-d5cd-4528-879c-335f3bcd6ac1","description":"attachment for notebook 3aeaf194-d5cd-4528-879c-335f3bcd6ac1","mime":"application/json","datasource_type":"193a97c1-4475-4a19-b90c-295c4fdc6517","object_key":"notebook/تصنيفقسمالكلام-wxnotebook__da__e1rfgj19st.ipynb","creator_id":"IBMid-691000IEQ5","create_time":1727725527834,"size":6647,"is_remote":false,"is_managed":false,"is_referenced":true,"is_object_key_read_only":false,"is_user_provided_path_key":true,"transfer_complete":true,"is_partitioned":false,"complete_time_ticks":1727725527834,"user_data":{},"test_doc":0,"handle":{"bucket":"demo3-donotdelete-pr-svv5yy4bxu96id","location":"eu-de","type":"bluemix_cos","key":"notebook/تصنيفقسمالكلام-wxnotebook__da__e1rfgj19st.ipynb","upload_id":"done","max_part_num":1},"usage":{"access_count":0,"last_accessor_id":"IBMid-691000IEQ5","last_access_time":1727725527834}}]}
