{"metadata":{"asset_id":"2675bc25-229a-40b9-a5f7-a63b5e532e0f","asset_attributes":["notebook"],"name":"Rag Sample","asset_type":"notebook","created_at":"2024-09-19T19:40:20Z","description":"","origin_country":"us","owner_id":"IBMid-691000IEQ5","project_id":"404e8279-d931-4311-b13d-4327914f2b8c","size":39529,"tags":["notebook"],"usage":{"last_update_time":1726775038384,"last_updated_at":"2024-09-19T19:43:58Z"}},"entity":{"notebook":{"kernel":{"name":"python3","display_name":"Python 3.11","language":"python"},"originates_from":{"url":"https://api.dataplatform.test.cloud.ibm.com/v2/gallery-assets/entries/bdbc8ad4-9c1f-460f-99ee-5c3a1f374fa7/data","type":"gallery"},"runtime":{"environment":"rt241pys2-404e8279-d931-4311-b13d-4327914f2b8c"}},"location_definition":{"physical_location_code":"FRA","physical_location_code_assigned_by":"IBMid-691000IEQ5","physical_location_code_rds_id":"c57cb90f-2126-3800-9c9f-9eab82021cdf","physical_location_code_rds_version":"00002024-0912-4034-8146-417144000000_4","physical_location_code_assignment_method":"INFERRED","physical_location_code_added_on":"1726774821235"}},"attachments":[{"id":"e25a0d98-0912-47fb-a4c9-c1bfcb02d753","version":2,"asset_type":"notebook","name":"attachment for notebook 2675bc25-229a-40b9-a5f7-a63b5e532e0f","description":"attachment for notebook 2675bc25-229a-40b9-a5f7-a63b5e532e0f","mime":"application/json","datasource_type":"193a97c1-4475-4a19-b90c-295c4fdc6517","object_key":"notebook/Rag_Sample_lxOfyqwG5.ipynb","creator_id":"IBMid-691000IEQ5","create_time":1726774821239,"size":39529,"is_remote":false,"is_managed":false,"is_referenced":true,"is_object_key_read_only":false,"is_user_provided_path_key":true,"transfer_complete":true,"is_partitioned":false,"complete_time_ticks":1726774821239,"user_data":{},"test_doc":0,"handle":{"bucket":"demo3-donotdelete-pr-svv5yy4bxu96id","location":"eu-de","type":"bluemix_cos","key":"notebook/Rag_Sample_lxOfyqwG5.ipynb","upload_id":"done","max_part_num":1},"usage":{"access_count":1,"last_accessor_id":"IBMid-691000IEQ5","last_access_time":1726775038382,"last_updater_id":"IBMid-691000IEQ5","last_update_time":1726775038382}}]}
