{"metadata":{"asset_id":"c7204c0d-8a82-435d-af91-b5849d39a8b7","asset_attributes":["notebook"],"name":"أقسام الكلام","asset_type":"notebook","created_at":"2024-09-28T18:41:48Z","description":"","origin_country":"us","owner_id":"IBMid-691000IEQ5","project_id":"404e8279-d931-4311-b13d-4327914f2b8c","size":6944,"tags":["notebook"],"usage":{"last_update_time":1727553111123,"last_updated_at":"2024-09-28T19:51:51Z"}},"entity":{"notebook":{"originates_from":{"type":"blank"},"kernel":{"name":"python3","display_name":"Python 3.10","language":"python"},"runtime":{"environment":"rt231pys1-404e8279-d931-4311-b13d-4327914f2b8c"}},"location_definition":{"physical_location_code":"FRA","physical_location_code_assigned_by":"IBMid-691000IEQ5","physical_location_code_rds_id":"c57cb90f-2126-3800-9c9f-9eab82021cdf","physical_location_code_rds_version":"00002024-0912-4034-8146-417144000000_4","physical_location_code_assignment_method":"INFERRED","physical_location_code_added_on":"1727548909091"}},"attachments":[{"id":"ad832a7d-20bb-49c7-8241-83873889b19b","version":2,"asset_type":"notebook","name":"attachment for notebook c7204c0d-8a82-435d-af91-b5849d39a8b7","description":"attachment for notebook c7204c0d-8a82-435d-af91-b5849d39a8b7","mime":"application/json","datasource_type":"193a97c1-4475-4a19-b90c-295c4fdc6517","object_key":"notebook/أقسامالكلام-wxnotebook__da__pkrfz8dw7d.ipynb","creator_id":"IBMid-691000IEQ5","create_time":1727548909096,"size":6944,"is_remote":false,"is_managed":false,"is_referenced":true,"is_object_key_read_only":false,"is_user_provided_path_key":true,"transfer_complete":true,"is_partitioned":false,"complete_time_ticks":1727548909096,"user_data":{},"test_doc":0,"handle":{"bucket":"demo3-donotdelete-pr-svv5yy4bxu96id","location":"eu-de","type":"bluemix_cos","key":"notebook/أقسامالكلام-wxnotebook__da__pkrfz8dw7d.ipynb","upload_id":"done","max_part_num":1},"usage":{"access_count":18,"last_accessor_id":"IBMid-691000IEQ5","last_access_time":1727553111121,"last_updater_id":"IBMid-691000IEQ5","last_update_time":1727553111121}}]}
