{"id":"5f80cc3a-5531-41f3-9f11-2a465ced3709","name":"examples Word tokenization","description":"","created_at":1727288693170,"created_by":"IBMid-691000IEQ5","last_updated_at":1727448490412,"last_updated_by":"IBMid-691000IEQ5","data_assets":["3790c298-9aa9-41d4-b8cd-c062a5ee60ca"],"store":{"type":"memory"},"settings":{"chunk_size":2000,"chunk_overlap":200,"split_pdf_pages":true,"top_k":3,"rerank":false,"embedding_model_id":"Xenova/all-MiniLM-L6-v2"},"sample_questions":["فيل"],"status":"ready","attachment_object_key":"vector_index/examplesWordtokenization__da__xj15c60o8g.gz"}
