{"metadata":{"asset_id":"bcfbedb8-81a3-4350-b452-5bd69e7cabbc","asset_attributes":["data_asset","directory_asset"],"name":"قواعد المبتدأ والخبر بدون قائمة مكثفة من الأمثلة.docx","asset_type":"data_asset","created_at":"2024-09-27T04:55:27Z","origin_country":"us","owner_id":"IBMid-695000JECA","project_id":"5637c821-378b-4fc9-b2b7-c96b62f8be4e","size":16832,"usage":{"last_update_time":1727412927352,"last_updated_at":"2024-09-27T04:55:27Z"}},"entity":{"data_asset":{"mime_type":"application/vnd.openxmlformats-officedocument.wordprocessingml.document","dataset":false},"directory_asset":{"path":""},"location_definition":{"physical_location_code_assignment_method":"INFERRED","physical_location_code":"FRA","physical_location_code_assigned_by":"IBMid-695000JECA","physical_location_code_added_on":"1727412927881","physical_location_code_rds_version":"00002024-0912-4034-8146-417144000000_4","physical_location_code_rds_id":"c57cb90f-2126-3800-9c9f-9eab82021cdf"}},"attachments":[{"id":"02f8feb9-8a94-45f3-a094-d47a81eb561e","version":2,"asset_type":"data_asset","name":"قواعد المبتدأ والخبر بدون قائمة مكثفة من الأمثلة.docx","mime":"application/vnd.openxmlformats-officedocument.wordprocessingml.document","datasource_type":"193a97c1-4475-4a19-b90c-295c4fdc6517","object_key":"قواعد المبتدأ والخبر بدون قائمة مكثفة من الأمثلة.docx","creator_id":"IBMid-695000JECA","create_time":1727412927882,"size":16832,"is_remote":false,"is_managed":false,"is_referenced":true,"is_object_key_read_only":true,"is_user_provided_path_key":true,"transfer_complete":true,"is_partitioned":false,"complete_time_ticks":1727412927882,"user_data":{},"test_doc":0,"handle":{"bucket":"1-donotdelete-pr-mhiqinu7fntsr9","location":"eu-de","type":"bluemix_cos","key":"قواعد المبتدأ والخبر بدون قائمة مكثفة من الأمثلة.docx","upload_id":"done","max_part_num":1},"usage":{"access_count":0,"last_accessor_id":"IBMid-695000JECA","last_access_time":1727412927882}}]}
