{"metadata":{"asset_id":"db7ae4f2-b3e2-4d93-8a59-54139c14d2a8","asset_attributes":["data_asset","directory_asset"],"name":"مقدمة في النحو.docx","asset_type":"data_asset","created_at":"2024-09-27T04:55:11Z","origin_country":"us","owner_id":"IBMid-695000JECA","project_id":"5637c821-378b-4fc9-b2b7-c96b62f8be4e","size":14896,"usage":{"last_update_time":1727655164343,"last_updated_at":"2024-09-30T00:12:44Z"}},"entity":{"data_asset":{"mime_type":"application/vnd.openxmlformats-officedocument.wordprocessingml.document","dataset":false},"directory_asset":{"path":""},"location_definition":{"physical_location_code_assignment_method":"INFERRED","physical_location_code":"FRA","physical_location_code_assigned_by":"IBMid-695000JECA","physical_location_code_added_on":"1727412912134","physical_location_code_rds_version":"00002024-0912-4034-8146-417144000000_4","physical_location_code_rds_id":"c57cb90f-2126-3800-9c9f-9eab82021cdf"}},"attachments":[{"id":"9bec962c-4422-4104-a1bc-ed898b5e307a","version":2,"asset_type":"data_asset","name":"مقدمة في النحو.docx","mime":"application/vnd.openxmlformats-officedocument.wordprocessingml.document","datasource_type":"193a97c1-4475-4a19-b90c-295c4fdc6517","object_key":"مقدمة في النحو.docx","creator_id":"IBMid-695000JECA","create_time":1727412912139,"size":14896,"is_remote":false,"is_managed":false,"is_referenced":true,"is_object_key_read_only":true,"is_user_provided_path_key":true,"transfer_complete":true,"is_partitioned":false,"complete_time_ticks":1727412912139,"user_data":{},"test_doc":0,"handle":{"bucket":"1-donotdelete-pr-mhiqinu7fntsr9","location":"eu-de","type":"bluemix_cos","key":"مقدمة في النحو.docx","upload_id":"done","max_part_num":1},"usage":{"access_count":1,"last_accessor_id":"IBMid-695000JECA","last_access_time":1727655164341,"last_updater_id":"IBMid-695000JECA","last_update_time":1727655164341}}]}
