{"metadata":{"asset_id":"693c5927-a7b1-4d37-b2d5-360f29d42a3d","asset_attributes":["data_asset","directory_asset"],"name":"قواعد المبتدأ والخبر.docx","asset_type":"data_asset","created_at":"2024-09-30T00:13:00Z","origin_country":"us","owner_id":"IBMid-695000JECA","project_id":"5637c821-378b-4fc9-b2b7-c96b62f8be4e","size":16832,"usage":{"last_update_time":1727655180084,"last_updated_at":"2024-09-30T00:13:00Z"}},"entity":{"data_asset":{"mime_type":"application/vnd.openxmlformats-officedocument.wordprocessingml.document","dataset":false},"directory_asset":{"path":""},"location_definition":{"physical_location_code_assignment_method":"INFERRED","physical_location_code":"FRA","physical_location_code_assigned_by":"IBMid-695000JECA","physical_location_code_added_on":"1727655180516","physical_location_code_rds_version":"00002024-0912-4034-8146-417144000000_4","physical_location_code_rds_id":"c57cb90f-2126-3800-9c9f-9eab82021cdf"}},"attachments":[{"id":"631e5101-44dc-4099-b10e-55c5fcc6088b","version":2,"asset_type":"data_asset","name":"قواعد المبتدأ والخبر.docx","mime":"application/vnd.openxmlformats-officedocument.wordprocessingml.document","datasource_type":"193a97c1-4475-4a19-b90c-295c4fdc6517","object_key":"قواعد المبتدأ والخبر.docx","creator_id":"IBMid-695000JECA","create_time":1727655180519,"size":16832,"is_remote":false,"is_managed":false,"is_referenced":true,"is_object_key_read_only":true,"is_user_provided_path_key":true,"transfer_complete":true,"is_partitioned":false,"complete_time_ticks":1727655180519,"user_data":{},"test_doc":0,"handle":{"bucket":"1-donotdelete-pr-mhiqinu7fntsr9","location":"eu-de","type":"bluemix_cos","key":"قواعد المبتدأ والخبر.docx","upload_id":"done","max_part_num":1},"usage":{"access_count":0,"last_accessor_id":"IBMid-695000JECA","last_access_time":1727655180519}}]}
