{"metadata":{"asset_id":"e0744a16-65cd-473a-ae28-97b98ea515c8","asset_attributes":["notebook"],"name":"تركيب الجمل بشكل سليم لغوياً","asset_type":"notebook","created_at":"2024-09-15T10:36:25Z","description":"","origin_country":"us","owner_id":"IBMid-695000JECA","project_id":"5637c821-378b-4fc9-b2b7-c96b62f8be4e","size":6378,"tags":["notebook"],"usage":{"last_update_time":1726396957307,"last_updated_at":"2024-09-15T10:42:37Z"}},"entity":{"notebook":{"originates_from":{"type":"blank"},"kernel":{"name":"python3","display_name":"Python 3.10","language":"python"},"runtime":{"environment":"rt231pys1-5637c821-378b-4fc9-b2b7-c96b62f8be4e"}},"location_definition":{"physical_location_code":"FRA","physical_location_code_assigned_by":"IBMid-695000JECA","physical_location_code_rds_id":"c57cb90f-2126-3800-9c9f-9eab82021cdf","physical_location_code_rds_version":"00002024-0912-4034-8146-417144000000_4","physical_location_code_assignment_method":"INFERRED","physical_location_code_added_on":"1726396586366"}},"attachments":[{"id":"bd8a299e-c32e-4671-b917-c6562f711f9a","version":2,"asset_type":"notebook","name":"attachment for notebook e0744a16-65cd-473a-ae28-97b98ea515c8","description":"attachment for notebook e0744a16-65cd-473a-ae28-97b98ea515c8","mime":"application/json","datasource_type":"193a97c1-4475-4a19-b90c-295c4fdc6517","object_key":"notebook/تركيبالجملبشكلسليملغوياً-wxnotebook__da__7vye0pdwcp.ipynb","creator_id":"IBMid-695000JECA","create_time":1726396586370,"size":6378,"is_remote":false,"is_managed":false,"is_referenced":true,"is_object_key_read_only":false,"is_user_provided_path_key":true,"transfer_complete":true,"is_partitioned":false,"complete_time_ticks":1726396586370,"user_data":{},"test_doc":0,"handle":{"bucket":"1-donotdelete-pr-mhiqinu7fntsr9","location":"eu-de","type":"bluemix_cos","key":"notebook/تركيبالجملبشكلسليملغوياً-wxnotebook__da__7vye0pdwcp.ipynb","upload_id":"done","max_part_num":1},"usage":{"access_count":1,"last_accessor_id":"IBMid-695000JECA","last_access_time":1726396957304,"last_updater_id":"IBMid-695000JECA","last_update_time":1726396957304}}]}
