{"metadata":{"asset_id":"bd4e8833-4f62-4e64-9e26-837807d64544","asset_attributes":["notebook"],"name":"المبتدأ بكامل أشكاله مع أمثلة - جيسون","asset_type":"notebook","created_at":"2024-09-30T09:46:47Z","description":"","origin_country":"us","owner_id":"IBMid-695000JECA","project_id":"5637c821-378b-4fc9-b2b7-c96b62f8be4e","size":76105,"tags":["notebook"],"usage":{"last_update_time":1729075627602,"last_updated_at":"2024-10-16T10:47:07Z"}},"entity":{"notebook":{"originates_from":{"type":"blank"},"kernel":{"name":"python3","display_name":"Python 3.10","language":"python"},"runtime":{"environment":"rt231pys1-5637c821-378b-4fc9-b2b7-c96b62f8be4e"}},"location_definition":{"physical_location_code":"FRA","physical_location_code_assigned_by":"IBMid-695000JECA","physical_location_code_rds_id":"c57cb90f-2126-3800-9c9f-9eab82021cdf","physical_location_code_rds_version":"00002024-0912-4034-8146-417144000000_4","physical_location_code_assignment_method":"INFERRED","physical_location_code_added_on":"1727689608297"}},"attachments":[{"id":"49d91556-c21d-4cb7-b935-f388878bf08c","version":2,"asset_type":"notebook","name":"attachment for notebook bd4e8833-4f62-4e64-9e26-837807d64544","description":"attachment for notebook bd4e8833-4f62-4e64-9e26-837807d64544","mime":"application/json","datasource_type":"193a97c1-4475-4a19-b90c-295c4fdc6517","object_key":"notebook/المبتدأبكاملأشكالهمعأمثلة-جيسون-wxnotebook__da__xw62z08gam.ipynb","creator_id":"IBMid-695000JECA","create_time":1727689608302,"size":76105,"is_remote":false,"is_managed":false,"is_referenced":true,"is_object_key_read_only":false,"is_user_provided_path_key":true,"transfer_complete":true,"is_partitioned":false,"complete_time_ticks":1727689608302,"user_data":{},"test_doc":0,"handle":{"bucket":"1-donotdelete-pr-mhiqinu7fntsr9","location":"eu-de","type":"bluemix_cos","key":"notebook/المبتدأبكاملأشكالهمعأمثلة-جيسون-wxnotebook__da__xw62z08gam.ipynb","upload_id":"done","max_part_num":1},"usage":{"access_count":10,"last_accessor_id":"IBMid-695000JECA","last_access_time":1729075627599,"last_updater_id":"IBMid-695000JECA","last_update_time":1729075627599}}]}
