{"metadata":{"asset_id":"c5402a52-721e-4eca-8122-00839c9db2e0","asset_attributes":["notebook"],"name":"التأكد من صحة الجملة - notebook","asset_type":"notebook","created_at":"2024-11-08T11:19:50Z","description":"","origin_country":"us","owner_id":"IBMid-691000IEQ5","project_id":"5637c821-378b-4fc9-b2b7-c96b62f8be4e","size":7157,"tags":["notebook"],"usage":{"last_update_time":1731064790631,"last_updated_at":"2024-11-08T11:19:50Z"}},"entity":{"notebook":{"originates_from":{"type":"blank"},"runtime":{"environment":"rt231pys1-5637c821-378b-4fc9-b2b7-c96b62f8be4e"}},"location_definition":{"physical_location_code":"FRA","physical_location_code_assigned_by":"IBMid-691000IEQ5","physical_location_code_rds_id":"c57cb90f-2126-3800-9c9f-9eab82021cdf","physical_location_code_rds_version":"00002024-0912-4034-8146-417144000000_4","physical_location_code_assignment_method":"INFERRED","physical_location_code_added_on":"1731064790626"}},"attachments":[{"id":"4669ac28-9a8d-43f6-bc86-45c1dd421a44","version":2,"asset_type":"notebook","name":"attachment for notebook c5402a52-721e-4eca-8122-00839c9db2e0","description":"attachment for notebook c5402a52-721e-4eca-8122-00839c9db2e0","mime":"application/json","datasource_type":"193a97c1-4475-4a19-b90c-295c4fdc6517","object_key":"notebook/التأكدمنصحةالجملة-notebook-wxnotebook__da__6auwxw27vg.ipynb","creator_id":"IBMid-691000IEQ5","create_time":1731064790630,"size":7157,"is_remote":false,"is_managed":false,"is_referenced":true,"is_object_key_read_only":false,"is_user_provided_path_key":true,"transfer_complete":true,"is_partitioned":false,"complete_time_ticks":1731064790630,"user_data":{},"test_doc":0,"handle":{"bucket":"1-donotdelete-pr-mhiqinu7fntsr9","location":"eu-de","type":"bluemix_cos","key":"notebook/التأكدمنصحةالجملة-notebook-wxnotebook__da__6auwxw27vg.ipynb","upload_id":"done","max_part_num":1},"usage":{"access_count":0,"last_accessor_id":"IBMid-691000IEQ5","last_access_time":1731064790630}}]}
