{"metadata":{"asset_id":"7b51a014-7e72-4f9a-9c35-27997f015de3","asset_attributes":["notebook"],"name":"المبتدأ - بنيوي - بدون راغ - أمثلة سيستم - أمثلة copy","asset_type":"notebook","created_at":"2024-11-03T08:04:37Z","description":"","origin_country":"us","owner_id":"IBMid-695000JECA","project_id":"5637c821-378b-4fc9-b2b7-c96b62f8be4e","size":0,"tags":["notebook"],"usage":{"last_update_time":1730621205787,"last_updated_at":"2024-11-03T08:06:45Z"}},"entity":{"notebook":{"kernel":{"name":"python3","display_name":"Python 3.11","language":"python"},"originates_from":{"type":"notebook","guid":"8acb1c80-18e0-458e-8e26-73ce4d1e5293"},"runtime":{"environment":"rt241pys1-5637c821-378b-4fc9-b2b7-c96b62f8be4e"}}}}
