{"metadata":{"asset_id":"f6152cc8-f8cb-49ee-9b73-9710ad4ece87","asset_attributes":["notebook"],"name":"المبتدأ بكل أشكاله مع أمثلة - بنيوي","asset_type":"notebook","created_at":"2024-09-30T09:17:40Z","description":"","origin_country":"us","owner_id":"IBMid-695000JECA","project_id":"5637c821-378b-4fc9-b2b7-c96b62f8be4e","size":6009,"tags":["notebook"],"usage":{"last_update_time":1727687861664,"last_updated_at":"2024-09-30T09:17:41Z"}},"entity":{"notebook":{"originates_from":{"type":"blank"},"runtime":{"environment":"rt231pys1-5637c821-378b-4fc9-b2b7-c96b62f8be4e"}},"location_definition":{"physical_location_code":"FRA","physical_location_code_assigned_by":"IBMid-695000JECA","physical_location_code_rds_id":"c57cb90f-2126-3800-9c9f-9eab82021cdf","physical_location_code_rds_version":"00002024-0912-4034-8146-417144000000_4","physical_location_code_assignment_method":"INFERRED","physical_location_code_added_on":"1727687861662"}},"attachments":[{"id":"2e9dccb6-d60b-437e-937e-07ee29f2c73e","version":2,"asset_type":"notebook","name":"attachment for notebook f6152cc8-f8cb-49ee-9b73-9710ad4ece87","description":"attachment for notebook f6152cc8-f8cb-49ee-9b73-9710ad4ece87","mime":"application/json","datasource_type":"193a97c1-4475-4a19-b90c-295c4fdc6517","object_key":"notebook/المبتدأبكلأشكالهمعأمثلة-بنيوي-wxnotebook__da__c2oxrm4bh8.ipynb","creator_id":"IBMid-695000JECA","create_time":1727687861664,"size":6009,"is_remote":false,"is_managed":false,"is_referenced":true,"is_object_key_read_only":false,"is_user_provided_path_key":true,"transfer_complete":true,"is_partitioned":false,"complete_time_ticks":1727687861664,"user_data":{},"test_doc":0,"handle":{"bucket":"1-donotdelete-pr-mhiqinu7fntsr9","location":"eu-de","type":"bluemix_cos","key":"notebook/المبتدأبكلأشكالهمعأمثلة-بنيوي-wxnotebook__da__c2oxrm4bh8.ipynb","upload_id":"done","max_part_num":1},"usage":{"access_count":0,"last_accessor_id":"IBMid-695000JECA","last_access_time":1727687861664}}]}
