{"metadata":{"asset_id":"6ccaac64-bfcd-4e68-8294-c5985cf1613b","asset_attributes":["notebook"],"name":"مبتدأ - مستوى واحد - راغ - جيسون","asset_type":"notebook","created_at":"2024-09-30T00:18:01Z","description":"","origin_country":"us","owner_id":"IBMid-695000JECA","project_id":"5637c821-378b-4fc9-b2b7-c96b62f8be4e","size":81906,"tags":["notebook"],"usage":{"last_update_time":1727658429973,"last_updated_at":"2024-09-30T01:07:09Z"}},"entity":{"notebook":{"originates_from":{"type":"blank"},"kernel":{"name":"python3","display_name":"Python 3.10","language":"python"},"runtime":{"environment":"rt231pys1-5637c821-378b-4fc9-b2b7-c96b62f8be4e"}},"location_definition":{"physical_location_code":"FRA","physical_location_code_assigned_by":"IBMid-695000JECA","physical_location_code_rds_id":"c57cb90f-2126-3800-9c9f-9eab82021cdf","physical_location_code_rds_version":"00002024-0912-4034-8146-417144000000_4","physical_location_code_assignment_method":"INFERRED","physical_location_code_added_on":"1727655482661"}},"attachments":[{"id":"0393ad13-7073-4fdc-b6b5-0af94394fbc9","version":2,"asset_type":"notebook","name":"attachment for notebook 6ccaac64-bfcd-4e68-8294-c5985cf1613b","description":"attachment for notebook 6ccaac64-bfcd-4e68-8294-c5985cf1613b","mime":"application/json","datasource_type":"193a97c1-4475-4a19-b90c-295c4fdc6517","object_key":"notebook/مبتدأ-مستوىواحد-راغ-جيسون-wxnotebook__da__q35jq8ogdw.ipynb","creator_id":"IBMid-695000JECA","create_time":1727655482667,"size":81906,"is_remote":false,"is_managed":false,"is_referenced":true,"is_object_key_read_only":false,"is_user_provided_path_key":true,"transfer_complete":true,"is_partitioned":false,"complete_time_ticks":1727655482667,"user_data":{},"test_doc":0,"handle":{"bucket":"1-donotdelete-pr-mhiqinu7fntsr9","location":"eu-de","type":"bluemix_cos","key":"notebook/مبتدأ-مستوىواحد-راغ-جيسون-wxnotebook__da__q35jq8ogdw.ipynb","upload_id":"done","max_part_num":1},"usage":{"access_count":22,"last_accessor_id":"IBMid-695000JECA","last_access_time":1727658429970,"last_updater_id":"IBMid-695000JECA","last_update_time":1727658429970}}]}
