{"metadata":{"asset_id":"405c096f-64cb-43b1-8cfd-0c2c4e667f15","asset_attributes":["notebook"],"name":"Use API and RAG","asset_type":"notebook","created_at":"2024-09-20T03:33:17Z","description":"","origin_country":"us","owner_id":"IBMid-695000JECA","project_id":"5637c821-378b-4fc9-b2b7-c96b62f8be4e","size":10574,"tags":["notebook"],"usage":{"last_update_time":1726907918817,"last_updated_at":"2024-09-21T08:38:38Z"}},"entity":{"notebook":{"kernel":{"name":"python3","display_name":"Python 3.11","language":"python"},"originates_from":{"url":"https://api.dataplatform.test.cloud.ibm.com/v2/gallery-assets/entries/b59922d8-678f-44e4-b5ef-18138890b444/data","type":"gallery"},"runtime":{"environment":"rt241pys2-5637c821-378b-4fc9-b2b7-c96b62f8be4e"}},"location_definition":{"physical_location_code":"FRA","physical_location_code_assigned_by":"IBMid-695000JECA","physical_location_code_rds_id":"c57cb90f-2126-3800-9c9f-9eab82021cdf","physical_location_code_rds_version":"00002024-0912-4034-8146-417144000000_4","physical_location_code_assignment_method":"INFERRED","physical_location_code_added_on":"1726803198990"}},"attachments":[{"id":"7d97f0a6-acd7-4445-a006-5f2eef59ae08","version":2,"asset_type":"notebook","name":"attachment for notebook 405c096f-64cb-43b1-8cfd-0c2c4e667f15","description":"attachment for notebook 405c096f-64cb-43b1-8cfd-0c2c4e667f15","mime":"application/json","datasource_type":"193a97c1-4475-4a19-b90c-295c4fdc6517","object_key":"notebook/Use_API_and_RAG_S-r0tLxQm.ipynb","creator_id":"IBMid-695000JECA","create_time":1726803198993,"size":10574,"is_remote":false,"is_managed":false,"is_referenced":true,"is_object_key_read_only":false,"is_user_provided_path_key":true,"transfer_complete":true,"is_partitioned":false,"complete_time_ticks":1726803198993,"user_data":{},"test_doc":0,"handle":{"bucket":"1-donotdelete-pr-mhiqinu7fntsr9","location":"eu-de","type":"bluemix_cos","key":"notebook/Use_API_and_RAG_S-r0tLxQm.ipynb","upload_id":"done","max_part_num":1},"usage":{"access_count":7,"last_accessor_id":"IBMid-695000JECA","last_access_time":1726907918813,"last_updater_id":"IBMid-695000JECA","last_update_time":1726907918813}}]}
