{"metadata":{"asset_id":"d0f06a37-1460-4542-baac-614f51e32673","asset_attributes":["notebook"],"name":"Testing streamlit and Langchain","asset_type":"notebook","created_at":"2024-10-02T11:35:43Z","description":"","origin_country":"us","owner_id":"IBMid-695000JECA","project_id":"5637c821-378b-4fc9-b2b7-c96b62f8be4e","size":16390,"tags":["notebook"],"usage":{"last_update_time":1727869823700,"last_updated_at":"2024-10-02T11:50:23Z"}},"entity":{"notebook":{"kernel":{"name":"python3","display_name":"Python 3.11","language":"python"},"originates_from":{"type":"blank"},"runtime":{"environment":"rt241pys2-5637c821-378b-4fc9-b2b7-c96b62f8be4e"}},"location_definition":{"physical_location_code":"FRA","physical_location_code_assigned_by":"IBMid-695000JECA","physical_location_code_rds_id":"c57cb90f-2126-3800-9c9f-9eab82021cdf","physical_location_code_rds_version":"00002024-0912-4034-8146-417144000000_4","physical_location_code_assignment_method":"INFERRED","physical_location_code_added_on":"1727868943950"}},"attachments":[{"id":"06546f9a-787d-494b-99d6-77fb7a24ce3b","version":2,"asset_type":"notebook","name":"attachment for notebook d0f06a37-1460-4542-baac-614f51e32673","description":"attachment for notebook d0f06a37-1460-4542-baac-614f51e32673","mime":"application/json","datasource_type":"193a97c1-4475-4a19-b90c-295c4fdc6517","object_key":"notebook/Testing_streamlit_and_Langchain_mEQ0fUhM_.ipynb","creator_id":"IBMid-695000JECA","create_time":1727868943956,"size":16390,"is_remote":false,"is_managed":false,"is_referenced":true,"is_object_key_read_only":false,"is_user_provided_path_key":true,"transfer_complete":true,"is_partitioned":false,"complete_time_ticks":1727868943956,"user_data":{},"test_doc":0,"handle":{"bucket":"1-donotdelete-pr-mhiqinu7fntsr9","location":"eu-de","type":"bluemix_cos","key":"notebook/Testing_streamlit_and_Langchain_mEQ0fUhM_.ipynb","upload_id":"done","max_part_num":1},"usage":{"access_count":5,"last_accessor_id":"IBMid-695000JECA","last_access_time":1727869607448,"last_updater_id":"IBMid-695000JECA","last_update_time":1727869607448}}]}
