{"metadata":{"asset_id":"af99ac7f-301f-488c-b343-0ea31c6d04eb","asset_attributes":["notebook"],"name":"المبتدأ - بنيوي - بدون راغ - أمثلة سيستم - أمثلة copy copy","asset_type":"notebook","created_at":"2024-11-03T08:04:48Z","description":"","origin_country":"us","owner_id":"IBMid-695000JECA","project_id":"5637c821-378b-4fc9-b2b7-c96b62f8be4e","size":0,"tags":["notebook"],"usage":{"last_update_time":1730621088163,"last_updated_at":"2024-11-03T08:04:48Z"}},"entity":{"notebook":{"kernel":{"name":"python3","display_name":"Python 3.10","language":"python"},"originates_from":{"type":"notebook","guid":"7b51a014-7e72-4f9a-9c35-27997f015de3"},"runtime":{"environment":"rt231pys1-5637c821-378b-4fc9-b2b7-c96b62f8be4e"}}}}
