{"id":"60271900-118a-4595-9d65-1cb60d22d413","name":"المبتدأ","description":"","created_at":1727655134852,"created_by":"IBMid-695000JECA","last_updated_at":1727655234663,"last_updated_by":"IBMid-695000JECA","data_assets":["932a44d3-7f9a-4ebc-9b52-63a1aaea6a9e","db7ae4f2-b3e2-4d93-8a59-54139c14d2a8","693c5927-a7b1-4d37-b2d5-360f29d42a3d"],"store":{"type":"memory"},"settings":{"chunk_size":1020,"chunk_overlap":85,"split_pdf_pages":true,"top_k":3,"rerank":false,"embedding_model_id":"Xenova/all-MiniLM-L6-v2"},"status":"ready","attachment_object_key":"vector_index/المبتدأ-قائمةمنالأمثلة__da__qawc36o903.gz"}
