{"id":"ef5f8904-a499-4f0d-81df-d488608f6b3f","name":"مقدمة في النحو","description":"","created_at":1727412940849,"created_by":"IBMid-695000JECA","last_updated_at":1727412944947,"last_updated_by":"IBMid-695000JECA","data_assets":["db7ae4f2-b3e2-4d93-8a59-54139c14d2a8","bcfbedb8-81a3-4350-b452-5bd69e7cabbc"],"store":{"type":"memory"},"settings":{"chunk_size":2000,"chunk_overlap":200,"split_pdf_pages":true,"top_k":3,"rerank":false,"embedding_model_id":"Xenova/all-MiniLM-L6-v2"},"status":"ready","attachment_object_key":"vector_index/مقدمةفيالنحو__da__vuk27w0b98.gz"}
