{"metadata":{"name":"أمثلة متنوعة للمعرف بأل","description":"","asset_type":"wx_prompt","origin_country":"us","resource_key":"a6339b3f7ba6c3028f35eaecf850b237eea5dbf26a11497dfe42acc080863173"},"entity":{"wx_prompt":{"input_mode":"structured","is_template":true,"prompt_variables":{"noun_type":{"default_value":"اسم ظاهر معرف بأل التعريف بحالة المثنى المذكر"},"questions_count":{"default_value":"سؤالين مختلفين"}}},"location_definition":{"physical_location_code_assignment_method":"INFERRED","physical_location_code":"FRA","physical_location_code_assigned_by":"IBMid-695000JECA","physical_location_code_added_on":"1730726508932","physical_location_code_rds_version":"00002024-0912-4034-8146-417144000000_4","physical_location_code_rds_id":"c57cb90f-2126-3800-9c9f-9eab82021cdf"},"modelfacts_system":{"model_information":{"fm_id":"sdaia/allam-1-13b-instruct"},"training_information":{},"project_details":{"environment_type":"development","is_environmenttype_openscale_value":false},"model_identity_information":{"model_identity_key":"a6339b3f7ba6c3028f35eaecf850b237eea5dbf26a11497dfe42acc080863173"},"modelentry_information":{}},"modelfacts_user":{}},"attachments":[{"id":"d9be8f63-a14f-48f7-9d40-c6abb1ae5c49","version":2,"asset_type":"wx_prompt","name":"أمثلةمتنوعةللمعرفبأل.json","mime":"application/json","datasource_type":"193a97c1-4475-4a19-b90c-295c4fdc6517","object_key":"wx_prompt/أمثلةمتنوعةللمعرفبأل__da__owefis5ud4.json","creator_id":"IBMid-695000JECA","create_time":1730726633460,"size":10481,"is_remote":false,"is_managed":false,"is_referenced":true,"is_object_key_read_only":false,"is_user_provided_path_key":true,"transfer_complete":true,"is_partitioned":false,"complete_time_ticks":1730726633460,"user_data":{},"test_doc":0,"handle":{"bucket":"1-donotdelete-pr-mhiqinu7fntsr9","location":"eu-de","type":"bluemix_cos","key":"wx_prompt/أمثلةمتنوعةللمعرفبأل__da__owefis5ud4.json","upload_id":"done","max_part_num":1},"usage":{"access_count":0,"last_accessor_id":"IBMid-695000JECA","last_access_time":1730726633460}}]}
